Date,Units,Assets
2021-04-07,20105247,
2021-04-08,20106945,
2021-04-11,22028279,
2021-04-12,22063594,
2021-04-13,22228108,
2021-04-18,22277067,
2021-04-19,22293831,
2021-04-20,23745041,
2021-04-21,24600057,
2021-04-22,25347377,
2021-04-25,26060495,
2021-04-26,26126540,
2021-04-27,26822384,
2021-04-28,26873730,
2021-04-29,26871073,
2021-05-02,26888174,
2021-05-03,26836445,
2021-05-04,26772409,
2021-05-05,26749869,
2021-05-06,26731801,
2021-05-09,26687951,
2021-05-10,26681828,
2021-05-11,26632180,
2021-05-12,26644700,
2021-05-13,26668496,
2021-05-18,26689038,
2021-05-19,26695597,
2021-05-20,26716216,
2021-05-23,26781775,
2021-05-24,26769918,
2021-05-25,26380464,
2021-05-26,26368511,
2021-05-27,25662580,
2021-05-30,24968255,
2021-05-31,24990438,
2021-06-01,24213401,
2021-06-02,23432021,
2021-06-03,22988620,
2021-06-06,23164989,
2021-06-07,23255818,
2021-06-08,23269895,
2021-06-09,23317835,
2021-06-10,23376047,
2021-06-13,23446225,
2021-06-14,23457953,
2021-06-15,23450333,
2021-06-16,23463450,
2021-06-17,23475996,
2021-06-20,23504462,
2021-06-21,23537134,
2021-06-22,24125600,
2021-06-23,24678532,
2021-06-24,24691100,
2021-06-27,24704632,
2021-06-28,24702061,
2021-06-29,24712333,
2021-06-30,24725171,
2021-07-01,24719091,
2021-07-04,24762689,
2021-07-05,24768402,
2021-07-06,24651818,
2021-07-07,24555993,
2021-07-08,24451040,
2021-07-11,24409253,
2021-07-12,24390677,
2021-07-13,24396538,
2021-07-14,24341193,
2021-07-15,24374733,
2021-07-19,25998884,
2021-07-20,26564584,
2021-07-21,26580466,
2021-07-22,26574364,
2021-07-25,26631491,
2021-07-26,26630499,
2021-07-27,26628590,
2021-07-28,26651453,
2021-07-29,27055998,
2021-08-01,27115599,
2021-08-02,27137440,
2021-08-03,27124982,
2021-08-04,24251240,
2021-08-05,24134964,
2021-08-08,24071989,
2021-08-09,24076180,
2021-08-10,24447628,
2021-08-11,24429477,
2021-08-12,24871927,
2021-08-15,24258265,
2021-08-16,24305960,
2021-08-17,24374139,
2021-08-18,24406938,
2021-08-19,24434544,
2021-08-22,24555161,
2021-08-23,24488653,
2021-08-24,24480913,
2021-08-25,24793741,
2021-08-26,24007850,
2021-08-29,23450118,
2021-08-30,23423473,
2021-08-31,23389110,
2021-09-01,22315874,
2021-09-02,22324183,
2021-09-05,22306767,
2021-09-09,22285262,
2021-09-12,23290298,
2021-09-13,23964582,
2021-09-14,24705800,
2021-09-19,24812847,
2021-09-22,24810263,
2021-09-23,24824328,
2021-09-26,24826073,
2021-09-29,24839594,
2021-09-30,24821370,
2021-10-03,24858637,
2021-10-04,24857657,
2021-10-05,24889698,
2021-10-06,24888201,
2021-10-07,24891644,
2021-10-10,24970592,
2021-10-11,25153563,
2021-10-12,25194303,
2021-10-13,25196720,
2021-10-14,25237179,
2021-10-17,25243684,
2021-10-18,25128364,
2021-10-19,25150801,
2021-10-20,25212825,
2021-10-21,25518498,
2021-10-24,25526272,
2021-10-25,25502555,
2021-10-26,25497515,
2021-10-27,25762133,
2021-10-28,25688852,
2021-10-31,25723138,
2021-11-01,25774852,
2021-11-02,25809784,
2021-11-03,25820598,
2021-11-04,26402631,
2021-11-07,26512280,
2021-11-08,26541651,
2021-11-09,27021300,
2021-11-10,27383712,
2021-11-11,27876161,
2021-11-14,27903718,
2021-11-15,27920629,
2021-11-16,28312438,
2021-11-17,28673451,
2021-11-18,29009294,
2021-11-21,29109293,
2021-11-22,29173320,
2021-11-23,29212768,
2021-11-24,29849692,
2021-11-25,30531675,
2021-11-28,30555866,
2021-11-29,31169530,
2021-11-30,31214351,
2021-12-01,31903580,
2021-12-02,31958234,
2021-12-05,32024920,
2021-12-06,31983602,
2021-12-07,32112127,
2021-12-08,32372846,
2021-12-09,32386438,
2021-12-12,32442941,
2021-12-13,32444008,
2021-12-14,32396479,
2021-12-15,32423693,
2021-12-16,32441487,
2021-12-19,32820211,
2021-12-20,32830720,
2021-12-21,33425385,
2021-12-22,33454887,
2021-12-23,33497399,
2021-12-26,33488934,
2021-12-27,33681577,
2021-12-28,33717168,
2021-12-29,33642712,
2021-12-30,33670805,
2022-01-02,33780106,
2022-01-03,33800267,
2022-01-04,35666876,
2022-01-05,36320891,
2022-01-06,36556124,
2022-01-09,37284748,
2022-01-10,37391881,
2022-01-11,37404392,
2022-01-12,37417517,
2022-01-13,37461079,
2022-01-16,39237354,
2022-01-17,39395304,
2022-01-18,39597106,
2022-01-19,39662415,
2022-01-20,39662815,
2022-01-23,40212875,
2022-01-24,40883822,
2022-01-25,40972578,
2022-01-26,41025292,
2022-01-27,41175254,
2022-01-30,41212239,
2022-01-31,41290257,
2022-02-01,41517760,
2022-02-02,40465127,
2022-02-03,40618737,
2022-02-06,40650945,
2022-02-07,40728102,
2022-02-08,40081832,
2022-02-09,40135916,
2022-02-10,39310089,
2022-02-13,38796169,
2022-02-14,38740789,
2022-02-15,37760400,
2022-02-16,37087014,
2022-02-17,37130684,
2022-02-20,36225138,
2022-02-21,36202235,
2022-02-22,35314962,
2022-02-23,35251533,
2022-02-24,34732092,
2022-02-27,34710210,
2022-02-28,34724261,
2022-03-01,33792074,
2022-03-02,33376684,
2022-03-03,33457857,
2022-03-06,33471494,
2022-03-07,33436745,
2022-03-08,33308900,
2022-03-09,33312855,
2022-03-10,33381549,
2022-03-13,33437923,
2022-03-14,33544321,
2022-03-15,33442793,
2022-03-16,33428788,
2022-03-20,33441356,
2022-03-21,33312368,
2022-03-22,33209202,
2022-03-23,33224998,
2022-03-24,33190307,
2022-03-27,33075092,
2022-03-28,32894567,
2022-03-29,32995189,
2022-03-30,33061221,
2022-03-31,33056865,
2022-04-03,33005230,
2022-04-04,33026208,
2022-04-05,33207008,
2022-04-06,33779743,
2022-04-07,34492248,
2022-04-10,35921149,
2022-04-11,36575825,
2022-04-12,37514242,
2022-04-13,38051328,
2022-04-14,38096836,
2022-04-17,38216021,
2022-04-18,38224027,
2022-04-19,38238188,
2022-04-20,38259493,
2022-04-24,38312909,
2022-04-25,38314101,
2022-04-26,38332829,
2022-04-27,38929853,
2022-04-28,39067276,
2022-05-01,39084342,
2022-05-02,39131439,
2022-05-03,37119350,
2022-05-08,37012486,
2022-05-09,37460662,
2022-05-10,38168047,
2022-05-11,38158783,
2022-05-12,38256687,
2022-05-15,38192951,
2022-05-16,38199256,
2022-05-17,38294494,
2022-05-18,38309742,
2022-05-19,38246033,
2022-05-22,33927699,
2022-05-23,33827388,
2022-05-24,33654442,
2022-05-25,33697226,
2022-05-26,33698733,
2022-05-29,33719471,
2022-05-30,33817316,
2022-05-31,33810161,
2022-06-01,33717934,
2022-06-02,33718204,
2022-06-06,33748686,
2022-06-07,33778998,
2022-06-08,33804141,
2022-06-09,33881110,
2022-06-12,33963167,
2022-06-13,34441986,
2022-06-14,34433014,
2022-06-15,34416024,
2022-06-16,34528789,
2022-06-19,34687329,
2022-06-20,34775466,
2022-06-21,34753359,
2022-06-22,34813139,
2022-06-23,34826258,
2022-06-26,34835604,
2022-06-27,34849051,
2022-06-28,34939180,
2022-06-29,34972986,
2022-06-30,34939380,
2022-07-03,35729595,
2022-07-04,35831685,
2022-07-05,35911678,
2022-07-06,35929175,
2022-07-07,35947545,
2022-07-10,36912704,
2022-07-11,36978082,
2022-07-12,37093125,
2022-07-13,37080440,
2022-07-14,37090027,
2022-07-17,37107085,
2022-07-18,37166813,
2022-07-19,39217801,
2022-07-20,39906103,
2022-07-21,39903925,
2022-07-24,40550555,
2022-07-25,40600517,
2022-07-26,40557880,
2022-07-27,40581244,
2022-07-28,40514682,
2022-07-31,40496460,
2022-08-01,40625167,
2022-08-02,40588946,
2022-08-03,40613978,
2022-08-04,40633407,
2022-08-08,40876382,
2022-08-09,41109921,
2022-08-10,41120041,
2022-08-11,41202401,
2022-08-14,41340194,
2022-08-15,41413033,
2022-08-16,41474043,
2022-08-17,41496647,
2022-08-18,42685705,
2022-08-21,44447448,
2022-08-22,44410678,
2022-08-23,44397376,
2022-08-24,44679317,
2022-08-25,44680127,
2022-08-28,44699539,
2022-08-29,44695156,
2022-08-30,44712143,
2022-08-31,44738516,
2022-09-01,44781564,
2022-09-04,44811237,
2022-09-05,44810147,
2022-09-06,44840922,
2022-09-07,44798445,
2022-09-08,44795967,
2022-09-11,44805319,
2022-09-12,44843449,
2022-09-13,44872890,
2022-09-14,44894385,
2022-09-15,44893030,
2022-09-18,44901877,
2022-09-19,45030752,
2022-09-20,45010725,
2022-09-21,43172887,
2022-09-22,43193402,
2022-09-28,43207001,
2022-09-29,43218521,
2022-10-02,42652706,
2022-10-03,41936845,
2022-10-06,41930259,
2022-10-11,41885088,
2022-10-12,41853451,
2022-10-13,41637226,
2022-10-18,41760387,
2022-10-19,42190952,
2022-10-20,42875783,
2022-10-23,42270213,
2022-10-24,42235570,
2022-10-25,42107002,
2022-10-26,42091991,
2022-10-27,42095576,
2022-10-30,42099992,
2022-10-31,42149975,
2022-11-02,42090559,
2022-11-03,42106048,
2022-11-06,42186571,
2022-11-07,42195232,
2022-11-08,42196796,
2022-11-09,41742214,
2022-11-10,41223001,
2022-11-13,41468559,
2022-11-14,41579371,
2022-11-15,41583247,
2022-11-16,41519711,
2022-11-17,40909566,
2022-11-20,40916393,
2022-11-21,40950923,
2022-11-22,41017090,
2022-11-23,41196478,
2022-11-24,40568452,
2022-11-27,39516071,
2022-11-28,39502714,
2022-11-29,39403089,
2022-11-30,39399696,
2022-12-01,39676129,
2022-12-04,39841870,
2022-12-05,39884519,
2022-12-06,39896176,
2022-12-07,39891829,
2022-12-08,39788499,
2022-12-11,39781646,
2022-12-12,39771038,
2022-12-13,39969302,
2022-12-14,40133096,
2022-12-15,40194846,
2022-12-18,40193076,
2022-12-19,40279838,
2022-12-20,40310198,
2022-12-21,40669620,
2022-12-22,40565843,
2022-12-25,41326097,
2022-12-26,41406618,
2022-12-27,41682429,
2022-12-28,41648784,
2022-12-29,42013901,
2023-01-01,42500514,
2023-01-02,42337738,
2023-01-03,43005748,
2023-01-04,43333767,
2023-01-05,43420156,
2023-01-08,43414804,
2023-01-09,43437346,
2023-01-10,43452374,
2023-01-11,43649864,
2023-01-12,43677802,
2023-01-15,43705617,
2023-01-16,43702449,
2023-01-17,43704992,
2023-01-18,43763580,
2023-01-19,43768953,
2023-01-22,43927325,
2023-01-23,44096344,
2023-01-24,44463011,
2023-01-25,44811690,
2023-01-26,45087548,
2023-01-29,44163447,
2023-01-30,43804721,
2023-01-31,43563248,
2023-02-01,43560599,
2023-02-02,43557548,
2023-02-05,43538763,
2023-02-06,43483820,
2023-02-07,43450523,
2023-02-08,43443468,
2023-02-09,43441993,
2023-02-12,43107860,
2023-02-13,43104166,
2023-02-14,43136993,
2023-02-15,43106208,
2023-02-16,42811819,
2023-02-19,42766865,
2023-02-20,42781229,
2023-02-21,42955698,
2023-02-22,42991239,
2023-02-23,43187347,
2023-02-26,43555883,
2023-02-27,43473342,
2023-02-28,43312008,
2023-03-01,43194415,
2023-03-02,43111581,
2023-03-05,43089738,
2023-03-06,43040709,
2023-03-08,43330016,
2023-03-09,43280111,
2023-03-12,43389869,
2023-03-13,43120378,
2023-03-14,42914602,
2023-03-15,42826797,
2023-03-16,42685197,
2023-03-19,42660798,
2023-03-20,42650639,
2023-03-21,42597251,
2023-03-22,42500393,
2023-03-23,42459152,
2023-03-26,42438326,
2023-03-27,42424150,
2023-03-28,42702068,
2023-03-29,40802314,
2023-03-30,39069204,
2023-04-02,37805366,
2023-04-03,37522031,
2023-04-04,37389570,
2023-04-09,37357443,
2023-04-10,37459477,
2023-04-13,37424919,
2023-04-16,37377652,
2023-04-17,37401278,
2023-04-18,37194819,
2023-04-19,37084976,
2023-04-20,37153494,
2023-04-23,37141600,
2023-04-24,37227236,
2023-04-27,37202957,
2023-04-30,37175750,
2023-05-01,37183914,
2023-05-02,37163483,
2023-05-03,37207837,
2023-05-04,37574192,
2023-05-07,37562093,
2023-05-08,37554287,
2023-05-09,37589764,
2023-05-10,37513615,
2023-05-11,37596651,
2023-05-14,39125753,
2023-05-15,39132687,
2023-05-16,39287305,
2023-05-17,41025274,
2023-05-18,41516305,
2023-05-21,42928314,
2023-05-22,42939931,
2023-05-23,42939365,
2023-05-24,42974740,
2023-05-28,43674164,
2023-05-29,43675062,
2023-05-30,43613688,
2023-05-31,43602708,
2023-06-01,44272956,
2023-06-04,44303498,
2023-06-05,44466361,
2023-06-06,44546875,
2023-06-07,44484134,
2023-06-08,44633609,
2023-06-11,44608412,
2023-06-12,44656598,
2023-06-13,44743963,
2023-06-14,44755847,
2023-06-15,44736253,
2023-06-18,44742513,
2023-06-19,44780994,
2023-06-20,44780143,
2023-06-21,44829443,
2023-06-22,44837982,
2023-06-25,44823648,
2023-06-26,44815226,
2023-06-27,44729355,
2023-06-28,45779518,
2023-06-29,45774393,
2023-07-02,46990412,
2023-07-03,47001741,
2023-07-04,46970504,
2023-07-05,47771711,
2023-07-06,48490630,
2023-07-09,48808130,
2023-07-10,48831878,
2023-07-11,48804533,
2023-07-12,48742948,
2023-07-13,48739179,
2023-07-16,48514194,
2023-07-17,48380080,
2023-07-18,48243563,
2023-07-19,48115336,
2023-07-20,48106360,
2023-07-23,48004194,
2023-07-24,47910712,
2023-07-25,47850127,
2023-07-26,45984542,
2023-07-30,45793032,
2023-07-31,45812948,
2023-08-01,45826254,
2023-08-02,45843604,
2023-08-03,45809702,
2023-08-06,45872751,
2023-08-07,45849360,
2023-08-08,45898563,
2023-08-09,46019943,
2023-08-10,46103947,
2023-08-13,46061713,
2023-08-14,46047959,
2023-08-15,46056281,
2023-08-16,46025383,
2023-08-17,46008851,
2023-08-20,46001655,
2023-08-21,46004373,
2023-08-22,45986891,
2023-08-23,46002505,
2023-08-24,46121026,
2023-08-27,46045008,
2023-08-28,46056559,
2023-08-29,46067028,
2023-08-30,46088838,
2023-08-31,46098780,
2023-09-03,46101584,
2023-09-04,46101906,
2023-09-05,46095341,
2023-09-06,46019971,
2023-09-07,46026760,
2023-09-10,46015610,
2023-09-11,46009254,
2023-09-12,46171387,
2023-09-13,46203747,
2023-09-14,46191625,
2023-09-18,46164634,
2023-09-19,46150715,
2023-09-20,46147685,
2023-09-21,46147731,
2023-09-26,46254945,
2023-09-27,46207221,
2023-09-28,46246028,
2023-10-01,46219260,
2023-10-02,46221499,
2023-10-03,46223479,
2023-10-04,46216663,
2023-10-05,46270863,
2023-10-08,46468211,
2023-10-09,46585748,
2023-10-10,46678832,
2023-10-11,46688727,
2023-10-12,46688094,
2023-10-15,46667082,
2023-10-16,47399341,
2023-10-17,47457276,
2023-10-18,47456323,
2023-10-19,47458327,
2023-10-22,47273367,
2023-10-23,47267829,
2023-10-24,47172313,
2023-10-25,47247745,
2023-10-26,47061531,
2023-10-29,46933884,
2023-10-30,46906157,
2023-10-31,47062798,
2023-11-01,47010183,
2023-11-02,47035006,
2023-11-05,47040749,
2023-11-06,47189590,
2023-11-07,47282197,
2023-11-08,47445508,
2023-11-09,47631124,
2023-11-12,47491449,
2023-11-13,47255583,
2023-11-14,47462065,
2023-11-15,47541304,
2023-11-16,48048205,
2023-11-19,48140472,
2023-11-20,48132074,
2023-11-21,48259855,
2023-11-22,48245296,
2023-11-23,48604690,
2023-11-26,48692159,
2023-11-27,48670959,
2023-11-28,48653258,
2023-11-29,48810574,
2023-11-30,48987763,
2023-12-03,48903384,
2023-12-04,48916978,
2023-12-05,48947821,
2023-12-06,48934625,
2023-12-07,48928991,
2023-12-10,48996467,
2023-12-11,48957254,
2023-12-12,48898541,
2023-12-13,49054380,
2023-12-14,48953992,
2023-12-17,49030165,
2023-12-18,49031853,
2023-12-19,49020967,
2023-12-20,49118953,
2023-12-21,49025281,
2023-12-24,49077833,
2023-12-25,48887706,
2023-12-26,48932399,
2023-12-27,48695153,
2023-12-28,48872884,
2023-12-31,48942210,
2024-01-01,49043694,
2024-01-02,51141138,
2024-01-03,51681423,
2024-01-04,52144687,
2024-01-07,53320001,
2024-01-08,53956082,
2024-01-09,53679924,
2024-01-10,54266861,
2024-01-11,54013992,
2024-01-14,54082882,
2024-01-15,53985410,
2024-01-16,54581058,
2024-01-17,54427847,
2024-01-18,54478986,
2024-01-21,54655296,
2024-01-22,54518701,
2024-01-23,54509768,
2024-01-24,54472041,
2024-01-25,54468383,
2024-01-28,54464352,
2024-01-29,54487294,
2024-01-30,54466051,
2024-01-31,54444311,
2024-02-01,54497564,
2024-02-04,54516686,
2024-02-05,54545953,
2024-02-06,54544683,
2024-02-07,54722995,
2024-02-08,54803065,
2024-02-11,54735191,
2024-02-12,54714281,
2024-02-13,54537018,
2024-02-14,54706353,
2024-02-15,54662288,
2024-02-18,54180448,
2024-02-19,54141865,
2024-02-20,54202028,
2024-02-21,53933526,
2024-02-22,53872743,
2024-02-25,54014948,
2024-02-26,54007856,
2024-02-28,53978220,
2024-02-29,53789047,
2024-03-03,53698850,
2024-03-04,53824317,
2024-03-05,53563625,
2024-03-06,53225597,
2024-03-07,52878241,
2024-03-10,52736362,
2024-03-11,52763978,
2024-03-12,53390346,
2024-03-13,53341568,
2024-03-14,53602707,
2024-03-17,53496302,
2024-03-18,53506990,
2024-03-19,53549577,
2024-03-20,53782991,
2024-03-21,53711658,
2024-03-25,53500577,
2024-03-26,53424534,
2024-03-27,53216445,
2024-03-28,53309626,
2024-03-31,53306353,
2024-04-01,53266480,
2024-04-02,53298846,
2024-04-03,53309100,
2024-04-04,53249865,
2024-04-07,53195035,
2024-04-08,53100804,
2024-04-09,53222815,
2024-04-10,53208017,
2024-04-11,53148548,
2024-04-14,53630184,
2024-04-15,53652772,
2024-04-16,53701136,
2024-04-17,54041967,
2024-04-18,54043068,
2024-04-21,54027205,
2024-04-24,53797429,
2024-04-25,54894887,
2024-04-30,55278337,
2024-05-01,56235109,
2024-05-02,57022832,
2024-05-05,57200070,
2024-05-06,57984962,
2024-05-07,58005861,
2024-05-08,59313741,
2024-05-09,59749747,
2024-05-12,60166726,
2024-05-15,60153713,
2024-05-16,60112861,
2024-05-19,60039634,
2024-05-20,59939440,
2024-05-21,59895754,
2024-05-22,59871538,
2024-05-23,59871538,
2024-05-26,59808085,
2024-05-27,59763550,
2024-05-28,59758231,
2024-05-29,59659762,
2024-05-30,59561940,
2024-06-02,59618581,
2024-06-03,59638620,
2024-06-04,59234673,
2024-06-05,59248291,
2024-06-06,59251573,
2024-06-09,58935124,
2024-06-10,58813693,
2024-06-13,58528430,
2024-06-16,58504751,
2024-06-17,58460965,
2024-06-18,58452374,
2024-06-19,58020852,
2024-06-20,57042050,
2024-06-23,56653659,
2024-06-24,56588529,
2024-06-25,56527465,
2024-06-26,56491123,
2024-06-27,56508885,
2024-06-30,56510121,
2024-07-01,56509509,
2024-07-02,56452233,
2024-07-03,56388595,
2024-07-04,56347308,
2024-07-07,56444934,
2024-07-08,56441361,
2024-07-09,56407350,
2024-07-10,56232108,
2024-07-11,56215092,
2024-07-14,56225287,
2024-07-15,56532420,
2024-07-16,56561140,
2024-07-17,56588831,
2024-07-18,56617189,
2024-07-21,56656885,
2024-07-22,56705771,
2024-07-23,57024871,
2024-07-24,57389345,
2024-07-25,57999484,
2024-07-28,60627948,
2024-07-29,60251599,
2024-07-30,60179332,
2024-07-31,60147627,
2024-08-01,60155033,
2024-08-04,60063297,
2024-08-05,60184261,
2024-08-06,60028266,
2024-08-07,60015261,
2024-08-08,60105934,
2024-08-11,60146590,
2024-08-12,60131215,
2024-08-14,60033650,
2024-08-15,60034621,
2024-08-18,60046724,
2024-08-19,60091972,
2024-08-20,59986826,
2024-08-21,59993581,
2024-08-22,60004969,
2024-08-25,59994430,
2024-08-26,60021029,
2024-08-27,60197083,
2024-08-28,60216958,
2024-08-29,60176221,
2024-09-01,60177103,
2024-09-02,60200522,
2024-09-03,60251484,
2024-09-04,60516038,
2024-09-05,60726956,
2024-09-08,60773881,
2024-09-09,60777067,
2024-09-10,60780882,
2024-09-11,60800682,
2024-09-12,60820101,
2024-09-15,60807406,
2024-09-16,60812399,
2024-09-17,60744849,
2024-09-18,60705304,
2024-09-19,60685899,
2024-09-22,60692529,
2024-09-23,60344034,
2024-09-24,60331046,
2024-09-25,60310531,
2024-09-26,60316987,
2024-09-29,60402312,
2024-09-30,60582621,
2024-10-01,60623335,
2024-10-06,63871038,
2024-10-07,63964449,
2024-10-08,63818772,
2024-10-09,63773725,
2024-10-10,63738976,
2024-10-13,63757058,
2024-10-14,63732468,
2024-10-15,63724518,
2024-10-20,63613598,
2024-10-21,63630705,
2024-10-22,63629407,
2024-10-27,63614484,
2024-10-28,63553681,
2024-10-29,63545480,
2024-10-30,63631640,
2024-10-31,63636049,
2024-11-03,63626938,
2024-11-04,63334712,
2024-11-05,63346732,
2024-11-06,63323776,
2024-11-07,63367943,
2024-11-10,63929246,
2024-11-11,63908805,
2024-11-12,63779676,
2024-11-13,63711076,
2024-11-14,63749080,
2024-11-17,63789106,
2024-11-18,63815060,
2024-11-19,63901536,
2024-11-20,63889193,
2024-11-21,63793072,
2024-11-24,63778952,
2024-11-25,63791115,
2024-11-26,64026632,
2024-11-27,64407880,
2024-11-28,64519145,
2024-12-01,64191248,
2024-12-02,64358564,
2024-12-03,64372113,
2024-12-04,64141829,
2024-12-05,64158130,
2024-12-08,64304188,
2024-12-09,64373470,
2024-12-10,64047940,
2024-12-11,62910231,
2024-12-12,62335758,
2024-12-15,61115214,
2024-12-16,61025617,
2024-12-17,60253282,
2024-12-18,60368270,
2024-12-19,59386314,
2024-12-22,59832688,
2024-12-23,59646265,
2024-12-24,58302808,
2024-12-25,57096406,
2024-12-26,56929504,
2024-12-29,55466599,
2024-12-30,55326611,
2024-12-31,54167059,
2025-01-01,54087855,
2025-01-02,54084068,
2025-01-05,53745280,
2025-01-06,54138495,
2025-01-07,54257509,
2025-01-08,54530115,
2025-01-09,54686150,
2025-01-12,54825360,
2025-01-13,54656594,
2025-01-14,53742894,
2025-01-15,52326889,
2025-01-16,52336153,
2025-01-19,52283875,
2025-01-20,51608733,
2025-01-21,51721239,
2025-01-22,51698829,
2025-01-23,50669410,
2025-01-26,50966811,
2025-01-27,51114597,
2025-01-28,51299939,
2025-01-29,50752664,
2025-01-30,50823646,
2025-02-02,51032017,
2025-02-03,51084122,
2025-02-04,50983545,
2025-02-05,50758227,
2025-02-06,51407856,
2025-02-09,51848444,
2025-02-10,51918031,
2025-02-11,51989297,
2025-02-12,52454967,
2025-02-13,52919840,
2025-02-16,52994454,
2025-02-17,52995045,
2025-02-18,52973587,
2025-02-19,52826036,
2025-02-20,52523025,
2025-02-23,52727554,
2025-02-24,52704247,
2025-02-25,52786965,
2025-02-26,52488701,
2025-02-27,52282955,
2025-03-02,52294306,
2025-03-03,52338435,
2025-03-04,52532098,
2025-03-05,52857459,
2025-03-06,52862088,
2025-03-09,52701140,
2025-03-10,52691791,
2025-03-11,52692071,
2025-03-12,52632707,
2025-03-13,52567518,
2025-03-16,52541114,
2025-03-17,52551527,
2025-03-18,52809211,
2025-03-19,55255645,
2025-03-20,55225048,
2025-03-23,55038651,
2025-03-24,54888424,
2025-03-25,54909653,
2025-03-26,54339678,
2025-03-27,54340273,
2025-03-30,54372832,
2025-03-31,54243809,
2025-04-01,54167308,
2025-04-02,54461971,
2025-04-03,54469280,
2025-04-06,54470588,
2025-04-07,54462641,
2025-04-08,54462303,
2025-04-09,54642770,
2025-04-10,54653785,
2025-04-14,54676082,
2025-04-15,54711155,
2025-04-16,54731596,
2025-04-17,54725845,
2025-04-20,55980292,
2025-04-21,55878059,
2025-04-22,55718554,
2025-04-23,55584275,
2025-04-24,55631112,
2025-04-27,55659911,
2025-04-28,55638730,
2025-04-29,54437469,
2025-05-04,54231361,
2025-05-05,54243194,
2025-05-06,54259755,
2025-05-07,54468798,
2025-05-08,54703671,
2025-05-11,55349525,
2025-05-12,55347116,
2025-05-13,55386809,
2025-05-14,55324524,
2025-05-15,55511470,
2025-05-18,56344942,
2025-05-19,56697601,
2025-05-20,56714155,
2025-05-21,56823362,
2025-05-22,57280585,
2025-05-25,57351098,
2025-05-26,57413950,
2025-05-27,57451701,
2025-05-28,57561423,
2025-05-29,57562640,
2025-06-03,57576521,
2025-06-04,57595642,
2025-06-05,57520293,
2025-06-08,57527154,
2025-06-09,59625859,
2025-06-10,59794848,
2025-06-11,59915811,
2025-06-12,60001846,
2025-06-15,59975133,
2025-06-16,59954104,
2025-06-17,60070517,
2025-06-18,60103535,
2025-06-19,60185064,
2025-06-22,60143887,
2025-06-23,62039078,
2025-06-24,64183891,
2025-06-25,65390341,
2025-06-26,65934203,
2025-06-29,65892534,
2025-06-30,66043845,
2025-07-01,67227358,
2025-07-02,67394745,
2025-07-03,69382196,
2025-07-06,69370144,
2025-07-07,69403123,
2025-07-08,69878313,
2025-07-09,70868224,
2025-07-10,71005540,
2025-07-13,71292840,
2025-07-14,72727352,
2025-07-15,74186767,
2025-07-16,75492318,
2025-07-17,77064725,
2025-07-20,78339905,
2025-07-21,78309051,
2025-07-22,78316587,
2025-07-23,78300784,
2025-07-24,78842952,
2025-07-27,79122809,
2025-07-28,80601598,
2025-07-29,82324865,
2025-07-30,82323874,
2025-07-31,82352276,
2025-08-04,82478157,
2025-08-05,81933535,
2025-08-06,82039534,
2025-08-07,82122130,
2025-08-10,82033096,
2025-08-11,82009262,
2025-08-12,81984904,
2025-08-13,81847759,
2025-08-14,82486245,
2025-08-17,82647240,
2025-08-18,82631949,
2025-08-19,82614729,
2025-08-20,82608555,
2025-08-21,82614009,
2025-08-24,82786682,
2025-08-25,83140063,
2025-08-26,83404890,
2025-08-27,83493222,
2025-08-28,83513687,
2025-08-31,83579586,
2025-09-01,83492568,
2025-09-02,83410143,
2025-09-03,83461681,
2025-09-04,83511073,
2025-09-07,83603177,
2025-09-08,83614329,
2025-09-09,83627956,
2025-09-10,83744366,
2025-09-11,83823358,
2025-09-14,83334246,
2025-09-15,83353458,
2025-09-16,83393432,
2025-09-17,83268058,
2025-09-18,84026558,
2025-09-21,84220819,
2025-09-25,83128903,
2025-09-28,83098950,
2025-09-29,83101381,
2025-09-30,81726122,
2025-10-05,81525973,
2025-10-08,81472841,
2025-10-09,82092650,
2025-10-12,82114859,
2025-10-15,83022609,
2025-10-16,83119644,
2025-10-19,83742708,
2025-10-20,85865345,
2025-10-21,85908043,
2025-10-22,85955047,
2025-10-23,86185124,
2025-10-26,86195690,
2025-10-27,86178225,
2025-10-28,86341989,
2025-10-29,86356255,
2025-10-30,86733114,
2025-11-02,87103325,
2025-11-03,87066208,
2025-11-04,87169428,
2025-11-05,87816662,
2025-11-06,87884949,
2025-11-09,87788067,
2025-11-10,87798337,
2025-11-11,87820468,
2025-11-12,87825927,
2025-11-13,87860814,
2025-11-16,87817710,
2025-11-17,87831257,
2025-11-18,88133770,
2025-11-19,88075706,
2025-11-20,88077735,
2025-11-23,88109928,
2025-11-24,88108286,
2025-11-25,88033607,
2025-11-26,88038608,
2025-11-27,88094133,
2025-11-30,88105057,
2025-12-01,88105647,
2025-12-02,88004014,
2025-12-03,88558521,
2025-12-04,88640023,
2025-12-07,88640840,
2025-12-08,88670023,
2025-12-09,88630488,
2025-12-10,88716180,
2025-12-11,88742415,
2025-12-14,88771098,
2025-12-15,88768875,
2025-12-16,88766897,
2025-12-17,88820028,
2025-12-18,88858109,
2025-12-21,88888576,
2025-12-22,88894985,
2025-12-23,88899086,
2025-12-24,89798673,
2025-12-25,89810135,
2025-12-28,89679209,
2025-12-29,90340108,
2025-12-30,90456552,
2025-12-31,90530153,
2026-01-01,90472719,
2026-01-05,90558157,
2026-01-06,90494743,
2026-01-07,90611485,
2026-01-08,91036801,
2026-01-09,91082208,
2026-01-12,91077402,
2026-01-13,92723986,
2026-01-14,93822983,
2026-01-15,93935765,
2026-01-16,94426387,
2026-01-19,94553062,
2026-01-20,94199400,
2026-01-21,94137520,
2026-01-22,94103125,
2026-01-23,93943469,
2026-01-26,93917424,
2026-01-27,93942336,
2026-01-28,93911318,
2026-01-29,93970576,
2026-01-30,94002525,
2026-02-02,93930585,
2026-02-03,94689641,
2026-02-04,94730487,
2026-02-05,95441566,
2026-02-06,95580674,
2026-02-09,95617634,
2026-02-10,95757744,
2026-02-11,95880453,
2026-02-12,95846194,
2026-02-13,96063118,
2026-02-16,96061112,
2026-02-17,96116392,
2026-02-18,96084015,
2026-02-19,96075264,
2026-02-20,95248738,
2026-02-23,95242616,
2026-02-24,95226451,
2026-02-25,95159484,
2026-02-26,95199762,
2026-02-27,95168221,
2026-03-02,88247100,
2026-03-04,88181196,
2026-03-05,88234877,
2026-03-06,88324925,
2026-03-09,88315417,
2026-03-10,88429073,
2026-03-11,87585547,
2026-03-12,87474895,
2026-03-13,87360054,
2026-03-16,87060300,
2026-03-17,86970046,
2026-03-18,86930472,
2026-03-19,86733838,
2026-03-20,86619689,
2026-03-23,86557921,
2026-03-24,86426358,
2026-03-25,85579400,
2026-03-26,82069360,
2026-03-27,81875133,
2026-03-30,81765519,
2026-03-31,81831247,
2026-04-03,81796335,
2026-04-06,82194894,
2026-04-09,82274171,
2026-04-10,82259027,
2026-04-11,82259027,
2026-04-13,82211039,
2026-04-14,82029034,5452470.00
